﻿<?xml version="1.0" encoding="utf-8"?><span>
<doc>
  <assembly>
    <name>System.Runtime.Numerics</name>
  </assembly>
  <members>
    <member name="T:System.Numerics.BigInteger">
      <summary>Represents an arbitrarily large signed integer.</summary>
    </member>
    <member name="M:System.Numerics.BigInteger.#ctor(System.Byte[])">
      <summary>Initializes a new instance of the <see cref="T:System.Numerics.BigInteger"></see> structure using the values in a byte array.</summary>
      <param name="value">An array of byte values in little-endian order.</param>
      <exception cref="T:System.ArgumentNullException">value is null.</exception>
    </member>
    <member name="M:System.Numerics.BigInteger.#ctor(System.Decimal)">
      <summary>Initializes a new instance of the <see cref="T:System.Numerics.BigInteger"></see> structure using a <see cref="T:System.Decimal"></see> value.</summary>
      <param name="value">A decimal number.</param>
    </member>
    <member name="M:System.Numerics.BigInteger.#ctor(System.Double)">
      <summary>Initializes a new instance of the <see cref="T:System.Numerics.BigInteger"></see> structure using a double-precision floating-point value.</summary>
      <param name="value">A double-precision floating-point value.</param>
      <exception cref="T:System.OverflowException">The value of value is <see cref="F:System.Double.NaN"></see>.   -or-   The value of value is <see cref="F:System.Double.NegativeInfinity"></see>.   -or-   The value of value is <see cref="F:System.Double.PositiveInfinity"></see>.</exception>
    </member>
    <member name="M:System.Numerics.BigInteger.#ctor(System.Int32)">
      <summary>Initializes a new instance of the <see cref="T:System.Numerics.BigInteger"></see> structure using a 32-bit signed integer value.</summary>
      <param name="value">A 32-bit signed integer.</param>
    </member>
    <member name="M:System.Numerics.BigInteger.#ctor(System.Int64)">
      <summary>Initializes a new instance of the <see cref="T:System.Numerics.BigInteger"></see> structure using a 64-bit signed integer value.</summary>
      <param name="value">A 64-bit signed integer.</param>
    </member>
    <member name="M:System.Numerics.BigInteger.#ctor(System.Single)">
      <summary>Initializes a new instance of the <see cref="T:System.Numerics.BigInteger"></see> structure using a single-precision floating-point value.</summary>
      <param name="value">A single-precision floating-point value.</param>
      <exception cref="T:System.OverflowException">The value of value is <see cref="F:System.Single.NaN"></see>.   -or-   The value of value is <see cref="F:System.Single.NegativeInfinity"></see>.   -or-   The value of value is <see cref="F:System.Single.PositiveInfinity"></see>.</exception>
    </member>
    <member name="M:System.Numerics.BigInteger.#ctor(System.UInt32)">
      <summary>Initializes a new instance of the <see cref="T:System.Numerics.BigInteger"></see> structure using an unsigned 32-bit integer value.</summary>
      <param name="value">An unsigned 32-bit integer value.</param>
    </member>
    <member name="M:System.Numerics.BigInteger.#ctor(System.UInt64)">
      <summary>Initializes a new instance of the <see cref="T:System.Numerics.BigInteger"></see> structure with an unsigned 64-bit integer value.</summary>
      <param name="value">An unsigned 64-bit integer.</param>
    </member>
    <member name="M:System.Numerics.BigInteger.Abs(System.Numerics.BigInteger)">
      <summary>Gets the absolute value of a <see cref="T:System.Numerics.BigInteger"></see> object.</summary>
      <param name="value">A number.</param>
      <returns>The absolute value of value.</returns>
    </member>
    <member name="M:System.Numerics.BigInteger.Add(System.Numerics.BigInteger,System.Numerics.BigInteger)">
      <summary>Adds two <see cref="T:System.Numerics.BigInteger"></see> values and returns the result.</summary>
      <param name="left">The first value to add.</param>
      <param name="right">The second value to add.</param>
      <returns>The sum of left and right.</returns>
    </member>
    <member name="M:System.Numerics.BigInteger.Compare(System.Numerics.BigInteger,System.Numerics.BigInteger)">
      <summary>Compares two <see cref="T:System.Numerics.BigInteger"></see> values and returns an integer that indicates whether the first value is less than, equal to, or greater than the second value.</summary>
      <param name="left">The first value to compare.</param>
      <param name="right">The second value to compare.</param>
      <returns><p sourcefile="System.Runtime.Numerics.yml" sourcestartlinenumber="1" sourceendlinenumber="2"><p sourcefile="System.Runtime.Numerics.yml" sourcestartlinenumber="1" sourceendlinenumber="1">A signed integer that indicates the relative values of <code>left</code> and <code>right</code>, as shown in the following table.  </p>
 <table><thead><tr><th> Value  <p>
<p sourcefile="System.Runtime.Numerics.yml" sourcestartlinenumber="4" sourceendlinenumber="4"> </th><th> Condition  <p>
<p sourcefile="System.Runtime.Numerics.yml" sourcestartlinenumber="6" sourceendlinenumber="6"> </th></tr></thead><tbody><tr><td> Less than zero  <p>
<p sourcefile="System.Runtime.Numerics.yml" sourcestartlinenumber="8" sourceendlinenumber="8"> </td><td><code>left</code> is less than <code>right</code>.  <p>
<p sourcefile="System.Runtime.Numerics.yml" sourcestartlinenumber="10" sourceendlinenumber="10"> </td></tr><tr><td> Zero  <p>
<p sourcefile="System.Runtime.Numerics.yml" sourcestartlinenumber="12" sourceendlinenumber="12"> </td><td><code>left</code> equals <code>right</code>.  <p>
<p sourcefile="System.Runtime.Numerics.yml" sourcestartlinenumber="14" sourceendlinenumber="14"> </td></tr><tr><td> Greater than zero  <p>
<p sourcefile="System.Runtime.Numerics.yml" sourcestartlinenumber="16" sourceendlinenumber="16"> </td><td><code>left</code> is greater than <code>right</code>.  <p>
<p sourcefile="System.Runtime.Numerics.yml" sourcestartlinenumber="18" sourceendlinenumber="18"> </td></tr></tbody></table></p>
</returns>
    </member>
    <member name="M:System.Numerics.BigInteger.CompareTo(System.UInt64)">
      <summary>Compares this instance to an unsigned 64-bit integer and returns an integer that indicates whether the value of this instance is less than, equal to, or greater than the value of the unsigned 64-bit integer.</summary>
      <param name="other">The unsigned 64-bit integer to compare.</param>
      <returns><p sourcefile="System.Runtime.Numerics.yml" sourcestartlinenumber="1" sourceendlinenumber="2"><p sourcefile="System.Runtime.Numerics.yml" sourcestartlinenumber="1" sourceendlinenumber="1">A signed integer that indicates the relative value of this instance and <code>other</code>, as shown in the following table.  </p>
 <table><thead><tr><th> Return value  <p>
<p sourcefile="System.Runtime.Numerics.yml" sourcestartlinenumber="4" sourceendlinenumber="4"> </th><th> Description  <p>
<p sourcefile="System.Runtime.Numerics.yml" sourcestartlinenumber="6" sourceendlinenumber="6"> </th></tr></thead><tbody><tr><td> Less than zero  <p>
<p sourcefile="System.Runtime.Numerics.yml" sourcestartlinenumber="8" sourceendlinenumber="8"> </td><td> The current instance is less than <code>other</code>.  <p>
<p sourcefile="System.Runtime.Numerics.yml" sourcestartlinenumber="10" sourceendlinenumber="10"> </td></tr><tr><td> Zero  <p>
<p sourcefile="System.Runtime.Numerics.yml" sourcestartlinenumber="12" sourceendlinenumber="12"> </td><td> The current instance equals <code>other</code>.  <p>
<p sourcefile="System.Runtime.Numerics.yml" sourcestartlinenumber="14" sourceendlinenumber="14"> </td></tr><tr><td> Greater than zero  <p>
<p sourcefile="System.Runtime.Numerics.yml" sourcestartlinenumber="16" sourceendlinenumber="16"> </td><td> The current instance is greater than <code>other</code>.  <p>
<p sourcefile="System.Runtime.Numerics.yml" sourcestartlinenumber="18" sourceendlinenumber="18"> </td></tr></tbody></table></p>
</returns>
    </member>
    <member name="M:System.Numerics.BigInteger.CompareTo(System.Object)">
      <summary>Compares this instance to a specified object and returns an integer that indicates whether the value of this instance is less than, equal to, or greater than the value of the specified object.</summary>
      <param name="obj">The object to compare.</param>
      <returns><p sourcefile="System.Runtime.Numerics.yml" sourcestartlinenumber="1" sourceendlinenumber="2"><p sourcefile="System.Runtime.Numerics.yml" sourcestartlinenumber="1" sourceendlinenumber="1">A signed integer that indicates the relationship of the current instance to the <code>obj</code> parameter, as shown in the following table.  </p>
 <table><thead><tr><th> Return value  <p>
<p sourcefile="System.Runtime.Numerics.yml" sourcestartlinenumber="4" sourceendlinenumber="4"> </th><th> Description  <p>
<p sourcefile="System.Runtime.Numerics.yml" sourcestartlinenumber="6" sourceendlinenumber="6"> </th></tr></thead><tbody><tr><td> Less than zero  <p>
<p sourcefile="System.Runtime.Numerics.yml" sourcestartlinenumber="8" sourceendlinenumber="8"> </td><td> The current instance is less than <code>obj</code>.  <p>
<p sourcefile="System.Runtime.Numerics.yml" sourcestartlinenumber="10" sourceendlinenumber="10"> </td></tr><tr><td> Zero  <p>
<p sourcefile="System.Runtime.Numerics.yml" sourcestartlinenumber="12" sourceendlinenumber="12"> </td><td> The current instance equals <code>obj</code>.  <p>
<p sourcefile="System.Runtime.Numerics.yml" sourcestartlinenumber="14" sourceendlinenumber="14"> </td></tr><tr><td> Greater than zero  <p>
<p sourcefile="System.Runtime.Numerics.yml" sourcestartlinenumber="16" sourceendlinenumber="16"> </td><td> The current instance is greater than <code>obj</code>, or the <code>obj</code> parameter is <code>null</code>.  <p>
<p sourcefile="System.Runtime.Numerics.yml" sourcestartlinenumber="18" sourceendlinenumber="18"> </td></tr></tbody></table></p>
</returns>
      <exception cref="T:System.ArgumentException">obj is not a <see cref="T:System.Numerics.BigInteger"></see>.</exception>
    </member>
    <member name="M:System.Numerics.BigInteger.CompareTo(System.Numerics.BigInteger)">
      <summary>Compares this instance to a second <see cref="T:System.Numerics.BigInteger"></see> and returns an integer that indicates whether the value of this instance is less than, equal to, or greater than the value of the specified object.</summary>
      <param name="other">The object to compare.</param>
      <returns><p sourcefile="System.Runtime.Numerics.yml" sourcestartlinenumber="1" sourceendlinenumber="2"><p sourcefile="System.Runtime.Numerics.yml" sourcestartlinenumber="1" sourceendlinenumber="1">A signed integer value that indicates the relationship of this instance to <code>other</code>, as shown in the following table.  </p>
 <table><thead><tr><th> Return value  <p>
<p sourcefile="System.Runtime.Numerics.yml" sourcestartlinenumber="4" sourceendlinenumber="4"> </th><th> Description  <p>
<p sourcefile="System.Runtime.Numerics.yml" sourcestartlinenumber="6" sourceendlinenumber="6"> </th></tr></thead><tbody><tr><td> Less than zero  <p>
<p sourcefile="System.Runtime.Numerics.yml" sourcestartlinenumber="8" sourceendlinenumber="8"> </td><td> The current instance is less than <code>other</code>.  <p>
<p sourcefile="System.Runtime.Numerics.yml" sourcestartlinenumber="10" sourceendlinenumber="10"> </td></tr><tr><td> Zero  <p>
<p sourcefile="System.Runtime.Numerics.yml" sourcestartlinenumber="12" sourceendlinenumber="12"> </td><td> The current instance equals <code>other</code>.  <p>
<p sourcefile="System.Runtime.Numerics.yml" sourcestartlinenumber="14" sourceendlinenumber="14"> </td></tr><tr><td> Greater than zero  <p>
<p sourcefile="System.Runtime.Numerics.yml" sourcestartlinenumber="16" sourceendlinenumber="16"> </td><td> The current instance is greater than <code>other</code>.  <p>
<p sourcefile="System.Runtime.Numerics.yml" sourcestartlinenumber="18" sourceendlinenumber="18"> </td></tr></tbody></table></p>
</returns>
    </member>
    <member name="M:System.Numerics.BigInteger.CompareTo(System.Int64)">
      <summary>Compares this instance to a signed 64-bit integer and returns an integer that indicates whether the value of this instance is less than, equal to, or greater than the value of the signed 64-bit integer.</summary>
      <param name="other">The signed 64-bit integer to compare.</param>
      <returns><p sourcefile="System.Runtime.Numerics.yml" sourcestartlinenumber="1" sourceendlinenumber="2"><p sourcefile="System.Runtime.Numerics.yml" sourcestartlinenumber="1" sourceendlinenumber="1">A signed integer value that indicates the relationship of this instance to <code>other</code>, as shown in the following table.  </p>
 <table><thead><tr><th> Return value  <p>
<p sourcefile="System.Runtime.Numerics.yml" sourcestartlinenumber="4" sourceendlinenumber="4"> </th><th> Description  <p>
<p sourcefile="System.Runtime.Numerics.yml" sourcestartlinenumber="6" sourceendlinenumber="6"> </th></tr></thead><tbody><tr><td> Less than zero  <p>
<p sourcefile="System.Runtime.Numerics.yml" sourcestartlinenumber="8" sourceendlinenumber="8"> </td><td> The current instance is less than <code>other</code>.  <p>
<p sourcefile="System.Runtime.Numerics.yml" sourcestartlinenumber="10" sourceendlinenumber="10"> </td></tr><tr><td> Zero  <p>
<p sourcefile="System.Runtime.Numerics.yml" sourcestartlinenumber="12" sourceendlinenumber="12"> </td><td> The current instance equals <code>other</code>.  <p>
<p sourcefile="System.Runtime.Numerics.yml" sourcestartlinenumber="14" sourceendlinenumber="14"> </td></tr><tr><td> Greater than zero  <p>
<p sourcefile="System.Runtime.Numerics.yml" sourcestartlinenumber="16" sourceendlinenumber="16"> </td><td> The current instance is greater than <code>other</code>.  <p>
<p sourcefile="System.Runtime.Numerics.yml" sourcestartlinenumber="18" sourceendlinenumber="18"> </td></tr></tbody></table></p>
</returns>
    </member>
    <member name="M:System.Numerics.BigInteger.Divide(System.Numerics.BigInteger,System.Numerics.BigInteger)">
      <summary>Divides one <see cref="T:System.Numerics.BigInteger"></see> value by another and returns the result.</summary>
      <param name="dividend">The value to be divided.</param>
      <param name="divisor">The value to divide by.</param>
      <returns>The quotient of the division.</returns>
      <exception cref="T:System.DivideByZeroException">divisor is 0 (zero).</exception>
    </member>
    <member name="M:System.Numerics.BigInteger.DivRem(System.Numerics.BigInteger,System.Numerics.BigInteger,System.Numerics.BigInteger@)">
      <summary>Divides one <see cref="T:System.Numerics.BigInteger"></see> value by another, returns the result, and returns the remainder in an output parameter.</summary>
      <param name="dividend">The value to be divided.</param>
      <param name="divisor">The value to divide by.</param>
      <param name="remainder">When this method returns, contains a <see cref="T:System.Numerics.BigInteger"></see> value that represents the remainder from the division. This parameter is passed uninitialized.</param>
      <returns>The quotient of the division.</returns>
      <exception cref="T:System.DivideByZeroException">divisor is 0 (zero).</exception>
    </member>
    <member name="M:System.Numerics.BigInteger.Equals(System.Int64)">
      <summary>Returns a value that indicates whether the current instance and a signed 64-bit integer have the same value.</summary>
      <param name="other">The signed 64-bit integer value to compare.</param>
      <returns>true if the signed 64-bit integer and the current instance have the same value; otherwise, false.</returns>
    </member>
    <member name="M:System.Numerics.BigInteger.Equals(System.Numerics.BigInteger)">
      <summary>Returns a value that indicates whether the current instance and a specified <see cref="T:System.Numerics.BigInteger"></see> object have the same value.</summary>
      <param name="other">The object to compare.</param>
      <returns>true if this <see cref="T:System.Numerics.BigInteger"></see> object and other have the same value; otherwise, false.</returns>
    </member>
    <member name="M:System.Numerics.BigInteger.Equals(System.Object)">
      <summary>Returns a value that indicates whether the current instance and a specified object have the same value.</summary>
      <param name="obj">The object to compare.</param>
      <returns>true if the obj argument is a <see cref="T:System.Numerics.BigInteger"></see> object, and its value is equal to the value of the current <see cref="T:System.Numerics.BigInteger"></see> instance; otherwise, false.</returns>
    </member>
    <member name="M:System.Numerics.BigInteger.Equals(System.UInt64)">
      <summary>Returns a value that indicates whether the current instance and an unsigned 64-bit integer have the same value.</summary>
      <param name="other">The unsigned 64-bit integer to compare.</param>
      <returns>true if the current instance and the unsigned 64-bit integer have the same value; otherwise, false.</returns>
    </member>
    <member name="M:System.Numerics.BigInteger.GetHashCode">
      <summary>Returns the hash code for the current <see cref="T:System.Numerics.BigInteger"></see> object.</summary>
      <returns>A 32-bit signed integer hash code.</returns>
    </member>
    <member name="M:System.Numerics.BigInteger.GreatestCommonDivisor(System.Numerics.BigInteger,System.Numerics.BigInteger)">
      <summary>Finds the greatest common divisor of two <see cref="T:System.Numerics.BigInteger"></see> values.</summary>
      <param name="left">The first value.</param>
      <param name="right">The second value.</param>
      <returns>The greatest common divisor of left and right.</returns>
    </member>
    <member name="P:System.Numerics.BigInteger.IsEven">
      <summary>Indicates whether the value of the current <see cref="T:System.Numerics.BigInteger"></see> object is an even number.</summary>
      <returns>true if the value of the <see cref="T:System.Numerics.BigInteger"></see> object is an even number; otherwise, false.</returns>
    </member>
    <member name="P:System.Numerics.BigInteger.IsOne">
      <summary>Indicates whether the value of the current <see cref="T:System.Numerics.BigInteger"></see> object is <see cref="P:System.Numerics.BigInteger.One"></see>.</summary>
      <returns>true if the value of the <see cref="T:System.Numerics.BigInteger"></see> object is <see cref="P:System.Numerics.BigInteger.One"></see>; otherwise, false.</returns>
    </member>
    <member name="P:System.Numerics.BigInteger.IsPowerOfTwo">
      <summary>Indicates whether the value of the current <see cref="T:System.Numerics.BigInteger"></see> object is a power of two.</summary>
      <returns>true if the value of the <see cref="T:System.Numerics.BigInteger"></see> object is a power of two; otherwise, false.</returns>
    </member>
    <member name="P:System.Numerics.BigInteger.IsZero">
      <summary>Indicates whether the value of the current <see cref="T:System.Numerics.BigInteger"></see> object is <see cref="P:System.Numerics.BigInteger.Zero"></see>.</summary>
      <returns>true if the value of the <see cref="T:System.Numerics.BigInteger"></see> object is <see cref="P:System.Numerics.BigInteger.Zero"></see>; otherwise, false.</returns>
    </member>
    <member name="M:System.Numerics.BigInteger.Log(System.Numerics.BigInteger)">
      <summary>Returns the natural (base e) logarithm of a specified number.</summary>
      <param name="value">The number whose logarithm is to be found.</param>
      <returns>The natural (base e) logarithm of value, as shown in the table in the Remarks section.</returns>
      <exception cref="T:System.ArgumentOutOfRangeException">The natural log of value is out of range of the <see cref="T:System.Double"></see> data type.</exception>
    </member>
    <member name="M:System.Numerics.BigInteger.Log(System.Numerics.BigInteger,System.Double)">
      <summary>Returns the logarithm of a specified number in a specified base.</summary>
      <param name="value">A number whose logarithm is to be found.</param>
      <param name="baseValue">The base of the logarithm.</param>
      <returns>The base baseValue logarithm of value, as shown in the table in the Remarks section.</returns>
      <exception cref="T:System.ArgumentOutOfRangeException">The log of value is out of range of the <see cref="T:System.Double"></see> data type.</exception>
    </member>
    <member name="M:System.Numerics.BigInteger.Log10(System.Numerics.BigInteger)">
      <summary>Returns the base 10 logarithm of a specified number.</summary>
      <param name="value">A number whose logarithm is to be found.</param>
      <returns>The base 10 logarithm of value, as shown in the table in the Remarks section.</returns>
      <exception cref="T:System.ArgumentOutOfRangeException">The base 10 log of value is out of range of the <see cref="T:System.Double"></see> data type.</exception>
    </member>
    <member name="M:System.Numerics.BigInteger.Max(System.Numerics.BigInteger,System.Numerics.BigInteger)">
      <summary>Returns the larger of two <see cref="T:System.Numerics.BigInteger"></see> values.</summary>
      <param name="left">The first value to compare.</param>
      <param name="right">The second value to compare.</param>
      <returns>The left or right parameter, whichever is larger.</returns>
    </member>
    <member name="M:System.Numerics.BigInteger.Min(System.Numerics.BigInteger,System.Numerics.BigInteger)">
      <summary>Returns the smaller of two <see cref="T:System.Numerics.BigInteger"></see> values.</summary>
      <param name="left">The first value to compare.</param>
      <param name="right">The second value to compare.</param>
      <returns>The left or right parameter, whichever is smaller.</returns>
    </member>
    <member name="P:System.Numerics.BigInteger.MinusOne">
      <summary>Gets a value that represents the number negative one (-1).</summary>
      <returns>An integer whose value is negative one (-1).</returns>
    </member>
    <member name="M:System.Numerics.BigInteger.ModPow(System.Numerics.BigInteger,System.Numerics.BigInteger,System.Numerics.BigInteger)">
      <summary>Performs modulus division on a number raised to the power of another number.</summary>
      <param name="value">The number to raise to the exponent power.</param>
      <param name="exponent">The exponent to raise value by.</param>
      <param name="modulus">The number by which to divide value raised to the exponent power.</param>
      <returns>The remainder after dividing valueexponent by modulus.</returns>
      <exception cref="T:System.DivideByZeroException">modulus is zero.</exception>
      <exception cref="T:System.ArgumentOutOfRangeException">exponent is negative.</exception>
    </member>
    <member name="M:System.Numerics.BigInteger.Multiply(System.Numerics.BigInteger,System.Numerics.BigInteger)">
      <summary>Returns the product of two <see cref="T:System.Numerics.BigInteger"></see> values.</summary>
      <param name="left">The first number to multiply.</param>
      <param name="right">The second number to multiply.</param>
      <returns>The product of the left and right parameters.</returns>
    </member>
    <member name="M:System.Numerics.BigInteger.Negate(System.Numerics.BigInteger)">
      <summary>Negates a specified <see cref="T:System.Numerics.BigInteger"></see> value.</summary>
      <param name="value">The value to negate.</param>
      <returns>The result of the value parameter multiplied by negative one (-1).</returns>
    </member>
    <member name="P:System.Numerics.BigInteger.One">
      <summary>Gets a value that represents the number one (1).</summary>
      <returns>An object whose value is one (1).</returns>
    </member>
    <member name="M:System.Numerics.BigInteger.op_Addition(System.Numerics.BigInteger,System.Numerics.BigInteger)">
      <summary>Adds the values of two specified <see cref="T:System.Numerics.BigInteger"></see> objects.</summary>
      <param name="left">The first value to add.</param>
      <param name="right">The second value to add.</param>
      <returns>The sum of left and right.</returns>
    </member>
    <member name="M:System.Numerics.BigInteger.op_BitwiseAnd(System.Numerics.BigInteger,System.Numerics.BigInteger)">
      <summary>Performs a bitwise And operation on two <see cref="T:System.Numerics.BigInteger"></see> values.</summary>
      <param name="left">The first value.</param>
      <param name="right">The second value.</param>
      <returns>The result of the bitwise And operation.</returns>
    </member>
    <member name="M:System.Numerics.BigInteger.op_BitwiseOr(System.Numerics.BigInteger,System.Numerics.BigInteger)">
      <summary>Performs a bitwise Or operation on two <see cref="T:System.Numerics.BigInteger"></see> values.</summary>
      <param name="left">The first value.</param>
      <param name="right">The second value.</param>
      <returns>The result of the bitwise Or operation.</returns>
    </member>
    <member name="M:System.Numerics.BigInteger.op_Decrement(System.Numerics.BigInteger)">
      <summary>Decrements a <see cref="T:System.Numerics.BigInteger"></see> value by 1.</summary>
      <param name="value">The value to decrement.</param>
      <returns>The value of the value parameter decremented by 1.</returns>
    </member>
    <member name="M:System.Numerics.BigInteger.op_Division(System.Numerics.BigInteger,System.Numerics.BigInteger)">
      <summary>Divides a specified <see cref="T:System.Numerics.BigInteger"></see> value by another specified <see cref="T:System.Numerics.BigInteger"></see> value by using integer division.</summary>
      <param name="dividend">The value to be divided.</param>
      <param name="divisor">The value to divide by.</param>
      <returns>The integral result of the division.</returns>
      <exception cref="T:System.DivideByZeroException">divisor is 0 (zero).</exception>
    </member>
    <member name="M:System.Numerics.BigInteger.op_Equality(System.Int64,System.Numerics.BigInteger)">
      <summary>Returns a value that indicates whether a signed long integer value and a <see cref="T:System.Numerics.BigInteger"></see> value are equal.</summary>
      <param name="left">The first value to compare.</param>
      <param name="right">The second value to compare.</param>
      <returns>true if the left and right parameters have the same value; otherwise, false.</returns>
    </member>
    <member name="M:System.Numerics.BigInteger.op_Equality(System.Numerics.BigInteger,System.Int64)">
      <summary>Returns a value that indicates whether a <see cref="T:System.Numerics.BigInteger"></see> value and a signed long integer value are equal.</summary>
      <param name="left">The first value to compare.</param>
      <param name="right">The second value to compare.</param>
      <returns>true if the left and right parameters have the same value; otherwise, false.</returns>
    </member>
    <member name="M:System.Numerics.BigInteger.op_Equality(System.Numerics.BigInteger,System.Numerics.BigInteger)">
      <summary>Returns a value that indicates whether the values of two <see cref="T:System.Numerics.BigInteger"></see> objects are equal.</summary>
      <param name="left">The first value to compare.</param>
      <param name="right">The second value to compare.</param>
      <returns>true if the left and right parameters have the same value; otherwise, false.</returns>
    </member>
    <member name="M:System.Numerics.BigInteger.op_Equality(System.Numerics.BigInteger,System.UInt64)">
      <summary>Returns a value that indicates whether a <see cref="T:System.Numerics.BigInteger"></see> value and an unsigned long integer value are equal.</summary>
      <param name="left">The first value to compare.</param>
      <param name="right">The second value to compare.</param>
      <returns>true if the left and right parameters have the same value; otherwise, false.</returns>
    </member>
    <member name="M:System.Numerics.BigInteger.op_Equality(System.UInt64,System.Numerics.BigInteger)">
      <summary>Returns a value that indicates whether an unsigned long integer value and a <see cref="T:System.Numerics.BigInteger"></see> value are equal.</summary>
      <param name="left">The first value to compare.</param>
      <param name="right">The second value to compare.</param>
      <returns>true if the left and right parameters have the same value; otherwise, false.</returns>
    </member>
    <member name="M:System.Numerics.BigInteger.op_ExclusiveOr(System.Numerics.BigInteger,System.Numerics.BigInteger)">
      <summary>Performs a bitwise exclusive Or (XOr) operation on two <see cref="T:System.Numerics.BigInteger"></see> values.</summary>
      <param name="left">The first value.</param>
      <param name="right">The second value.</param>
      <returns>The result of the bitwise Or operation.</returns>
    </member>
    <member name="M:System.Numerics.BigInteger.op_Explicit(System.Single to System.Numerics.BigInteger)">
      <param name="value"></param>
      <returns></returns>
    </member>
    <member name="M:System.Numerics.BigInteger.op_Explicit(System.Numerics.BigInteger to System.UInt32)">
      <param name="value"></param>
      <returns></returns>
    </member>
    <member name="M:System.Numerics.BigInteger.op_Explicit(System.Numerics.BigInteger to System.UInt16)">
      <param name="value"></param>
      <returns></returns>
    </member>
    <member name="M:System.Numerics.BigInteger.op_Explicit(System.Numerics.BigInteger to System.Single)">
      <param name="value"></param>
      <returns></returns>
    </member>
    <member name="M:System.Numerics.BigInteger.op_Explicit(System.Numerics.BigInteger to System.SByte)">
      <param name="value"></param>
      <returns></returns>
    </member>
    <member name="M:System.Numerics.BigInteger.op_Explicit(System.Numerics.BigInteger to System.Int64)">
      <param name="value"></param>
      <returns></returns>
    </member>
    <member name="M:System.Numerics.BigInteger.op_Explicit(System.Numerics.BigInteger to System.UInt64)">
      <param name="value"></param>
      <returns></returns>
    </member>
    <member name="M:System.Numerics.BigInteger.op_Explicit(System.Numerics.BigInteger to System.Int16)">
      <param name="value"></param>
      <returns></returns>
    </member>
    <member name="M:System.Numerics.BigInteger.op_Explicit(System.Numerics.BigInteger to System.Double)">
      <param name="value"></param>
      <returns></returns>
    </member>
    <member name="M:System.Numerics.BigInteger.op_Explicit(System.Numerics.BigInteger to System.Decimal)">
      <param name="value"></param>
      <returns></returns>
    </member>
    <member name="M:System.Numerics.BigInteger.op_Explicit(System.Numerics.BigInteger to System.Byte)">
      <param name="value"></param>
      <returns></returns>
    </member>
    <member name="M:System.Numerics.BigInteger.op_Explicit(System.Double to System.Numerics.BigInteger)">
      <param name="value"></param>
      <returns></returns>
    </member>
    <member name="M:System.Numerics.BigInteger.op_Explicit(System.Numerics.BigInteger to System.Int32)">
      <param name="value"></param>
      <returns></returns>
    </member>
    <member name="M:System.Numerics.BigInteger.op_Explicit(System.Decimal to System.Numerics.BigInteger)">
      <param name="value"></param>
      <returns></returns>
    </member>
    <member name="M:System.Numerics.BigInteger.op_GreaterThan(System.Int64,System.Numerics.BigInteger)">
      <summary>Returns a value that indicates whether a 64-bit signed integer is greater than a <see cref="T:System.Numerics.BigInteger"></see> value.</summary>
      <param name="left">The first value to compare.</param>
      <param name="right">The second value to compare.</param>
      <returns>true if left is greater than right; otherwise, false.</returns>
    </member>
    <member name="M:System.Numerics.BigInteger.op_GreaterThan(System.Numerics.BigInteger,System.Int64)">
      <summary>Returns a value that indicates whether a <see cref="T:System.Numerics.BigInteger"></see> is greater than a 64-bit signed integer value.</summary>
      <param name="left">The first value to compare.</param>
      <param name="right">The second value to compare.</param>
      <returns>true if left is greater than right; otherwise, false.</returns>
    </member>
    <member name="M:System.Numerics.BigInteger.op_GreaterThan(System.Numerics.BigInteger,System.Numerics.BigInteger)">
      <summary>Returns a value that indicates whether a <see cref="T:System.Numerics.BigInteger"></see> value is greater than another <see cref="T:System.Numerics.BigInteger"></see> value.</summary>
      <param name="left">The first value to compare.</param>
      <param name="right">The second value to compare.</param>
      <returns>true if left is greater than right; otherwise, false.</returns>
    </member>
    <member name="M:System.Numerics.BigInteger.op_GreaterThan(System.Numerics.BigInteger,System.UInt64)">
      <summary>Returns a value that indicates whether a <see cref="T:System.Numerics.BigInteger"></see> value is greater than a 64-bit unsigned integer.</summary>
      <param name="left">The first value to compare.</param>
      <param name="right">The second value to compare.</param>
      <returns>true if left is greater than right; otherwise, false.</returns>
    </member>
    <member name="M:System.Numerics.BigInteger.op_GreaterThan(System.UInt64,System.Numerics.BigInteger)">
      <summary>Returns a value that indicates whether a <see cref="T:System.Numerics.BigInteger"></see> value is greater than a 64-bit unsigned integer.</summary>
      <param name="left">The first value to compare.</param>
      <param name="right">The second value to compare.</param>
      <returns>true if left is greater than right; otherwise, false.</returns>
    </member>
    <member name="M:System.Numerics.BigInteger.op_GreaterThanOrEqual(System.Numerics.BigInteger,System.UInt64)">
      <summary>Returns a value that indicates whether a <see cref="T:System.Numerics.BigInteger"></see> value is greater than or equal to a 64-bit unsigned integer value.</summary>
      <param name="left">The first value to compare.</param>
      <param name="right">The second value to compare.</param>
      <returns>true if left is greater than right; otherwise, false.</returns>
    </member>
    <member name="M:System.Numerics.BigInteger.op_GreaterThanOrEqual(System.Numerics.BigInteger,System.Numerics.BigInteger)">
      <summary>Returns a value that indicates whether a <see cref="T:System.Numerics.BigInteger"></see> value is greater than or equal to another <see cref="T:System.Numerics.BigInteger"></see> value.</summary>
      <param name="left">The first value to compare.</param>
      <param name="right">The second value to compare.</param>
      <returns>true if left is greater than right; otherwise, false.</returns>
    </member>
    <member name="M:System.Numerics.BigInteger.op_GreaterThanOrEqual(System.UInt64,System.Numerics.BigInteger)">
      <summary>Returns a value that indicates whether a 64-bit unsigned integer is greater than or equal to a <see cref="T:System.Numerics.BigInteger"></see> value.</summary>
      <param name="left">The first value to compare.</param>
      <param name="right">The second value to compare.</param>
      <returns>true if left is greater than right; otherwise, false.</returns>
    </member>
    <member name="M:System.Numerics.BigInteger.op_GreaterThanOrEqual(System.Int64,System.Numerics.BigInteger)">
      <summary>Returns a value that indicates whether a 64-bit signed integer is greater than or equal to a <see cref="T:System.Numerics.BigInteger"></see> value.</summary>
      <param name="left">The first value to compare.</param>
      <param name="right">The second value to compare.</param>
      <returns>true if left is greater than right; otherwise, false.</returns>
    </member>
    <member name="M:System.Numerics.BigInteger.op_GreaterThanOrEqual(System.Numerics.BigInteger,System.Int64)">
      <summary>Returns a value that indicates whether a <see cref="T:System.Numerics.BigInteger"></see> value is greater than or equal to a 64-bit signed integer value.</summary>
      <param name="left">The first value to compare.</param>
      <param name="right">The second value to compare.</param>
      <returns>true if left is greater than right; otherwise, false.</returns>
    </member>
    <member name="M:System.Numerics.BigInteger.op_Implicit(System.UInt32 to System.Numerics.BigInteger)">
      <param name="value"></param>
      <returns></returns>
    </member>
    <member name="M:System.Numerics.BigInteger.op_Implicit(System.UInt16 to System.Numerics.BigInteger)">
      <param name="value"></param>
      <returns></returns>
    </member>
    <member name="M:System.Numerics.BigInteger.op_Implicit(System.SByte to System.Numerics.BigInteger)">
      <param name="value"></param>
      <returns></returns>
    </member>
    <member name="M:System.Numerics.BigInteger.op_Implicit(System.UInt64 to System.Numerics.BigInteger)">
      <param name="value"></param>
      <returns></returns>
    </member>
    <member name="M:System.Numerics.BigInteger.op_Implicit(System.Int32 to System.Numerics.BigInteger)">
      <param name="value"></param>
      <returns></returns>
    </member>
    <member name="M:System.Numerics.BigInteger.op_Implicit(System.Int16 to System.Numerics.BigInteger)">
      <param name="value"></param>
      <returns></returns>
    </member>
    <member name="M:System.Numerics.BigInteger.op_Implicit(System.Byte to System.Numerics.BigInteger)">
      <param name="value"></param>
      <returns></returns>
    </member>
    <member name="M:System.Numerics.BigInteger.op_Implicit(System.Int64 to System.Numerics.BigInteger)">
      <param name="value"></param>
      <returns></returns>
    </member>
    <member name="M:System.Numerics.BigInteger.op_Increment(System.Numerics.BigInteger)">
      <summary>Increments a <see cref="T:System.Numerics.BigInteger"></see> value by 1.</summary>
      <param name="value">The value to increment.</param>
      <returns>The value of the value parameter incremented by 1.</returns>
    </member>
    <member name="M:System.Numerics.BigInteger.op_Inequality(System.Int64,System.Numerics.BigInteger)">
      <summary>Returns a value that indicates whether a 64-bit signed integer and a <see cref="T:System.Numerics.BigInteger"></see> value are not equal.</summary>
      <param name="left">The first value to compare.</param>
      <param name="right">The second value to compare.</param>
      <returns>true if left and right are not equal; otherwise, false.</returns>
    </member>
    <member name="M:System.Numerics.BigInteger.op_Inequality(System.Numerics.BigInteger,System.Int64)">
      <summary>Returns a value that indicates whether a <see cref="T:System.Numerics.BigInteger"></see> value and a 64-bit signed integer are not equal.</summary>
      <param name="left">The first value to compare.</param>
      <param name="right">The second value to compare.</param>
      <returns>true if left and right are not equal; otherwise, false.</returns>
    </member>
    <member name="M:System.Numerics.BigInteger.op_Inequality(System.Numerics.BigInteger,System.Numerics.BigInteger)">
      <summary>Returns a value that indicates whether two <see cref="T:System.Numerics.BigInteger"></see> objects have different values.</summary>
      <param name="left">The first value to compare.</param>
      <param name="right">The second value to compare.</param>
      <returns>true if left and right are not equal; otherwise, false.</returns>
    </member>
    <member name="M:System.Numerics.BigInteger.op_Inequality(System.Numerics.BigInteger,System.UInt64)">
      <summary>Returns a value that indicates whether a <see cref="T:System.Numerics.BigInteger"></see> value and a 64-bit unsigned integer are not equal.</summary>
      <param name="left">The first value to compare.</param>
      <param name="right">The second value to compare.</param>
      <returns>true if left and right are not equal; otherwise, false.</returns>
    </member>
    <member name="M:System.Numerics.BigInteger.op_Inequality(System.UInt64,System.Numerics.BigInteger)">
      <summary>Returns a value that indicates whether a 64-bit unsigned integer and a <see cref="T:System.Numerics.BigInteger"></see> value are not equal.</summary>
      <param name="left">The first value to compare.</param>
      <param name="right">The second value to compare.</param>
      <returns>true if left and right are not equal; otherwise, false.</returns>
    </member>
    <member name="M:System.Numerics.BigInteger.op_LeftShift(System.Numerics.BigInteger,System.Int32)">
      <summary>Shifts a <see cref="T:System.Numerics.BigInteger"></see> value a specified number of bits to the left.</summary>
      <param name="value">The value whose bits are to be shifted.</param>
      <param name="shift">The number of bits to shift value to the left.</param>
      <returns>A value that has been shifted to the left by the specified number of bits.</returns>
    </member>
    <member name="M:System.Numerics.BigInteger.op_LessThan(System.UInt64,System.Numerics.BigInteger)">
      <summary>Returns a value that indicates whether a 64-bit unsigned integer is less than a <see cref="T:System.Numerics.BigInteger"></see> value.</summary>
      <param name="left">The first value to compare.</param>
      <param name="right">The second value to compare.</param>
      <returns>true if left is less than right; otherwise, false.</returns>
    </member>
    <member name="M:System.Numerics.BigInteger.op_LessThan(System.Numerics.BigInteger,System.UInt64)">
      <summary>Returns a value that indicates whether a <see cref="T:System.Numerics.BigInteger"></see> value is less than a 64-bit unsigned integer.</summary>
      <param name="left">The first value to compare.</param>
      <param name="right">The second value to compare.</param>
      <returns>true if left is less than right; otherwise, false.</returns>
    </member>
    <member name="M:System.Numerics.BigInteger.op_LessThan(System.Int64,System.Numerics.BigInteger)">
      <summary>Returns a value that indicates whether a 64-bit signed integer is less than a <see cref="T:System.Numerics.BigInteger"></see> value.</summary>
      <param name="left">The first value to compare.</param>
      <param name="right">The second value to compare.</param>
      <returns>true if left is less than right; otherwise, false.</returns>
    </member>
    <member name="M:System.Numerics.BigInteger.op_LessThan(System.Numerics.BigInteger,System.Int64)">
      <summary>Returns a value that indicates whether a <see cref="T:System.Numerics.BigInteger"></see> value is less than a 64-bit signed integer.</summary>
      <param name="left">The first value to compare.</param>
      <param name="right">The second value to compare.</param>
      <returns>true if left is less than right; otherwise, false.</returns>
    </member>
    <member name="M:System.Numerics.BigInteger.op_LessThan(System.Numerics.BigInteger,System.Numerics.BigInteger)">
      <summary>Returns a value that indicates whether a <see cref="T:System.Numerics.BigInteger"></see> value is less than another <see cref="T:System.Numerics.BigInteger"></see> value.</summary>
      <param name="left">The first value to compare.</param>
      <param name="right">The second value to compare.</param>
      <returns>true if left is less than right; otherwise, false.</returns>
    </member>
    <member name="M:System.Numerics.BigInteger.op_LessThanOrEqual(System.Int64,System.Numerics.BigInteger)">
      <summary>Returns a value that indicates whether a 64-bit signed integer is less than or equal to a <see cref="T:System.Numerics.BigInteger"></see> value.</summary>
      <param name="left">The first value to compare.</param>
      <param name="right">The second value to compare.</param>
      <returns>true if left is less than or equal to right; otherwise, false.</returns>
    </member>
    <member name="M:System.Numerics.BigInteger.op_LessThanOrEqual(System.Numerics.BigInteger,System.Int64)">
      <summary>Returns a value that indicates whether a <see cref="T:System.Numerics.BigInteger"></see> value is less than or equal to a 64-bit signed integer.</summary>
      <param name="left">The first value to compare.</param>
      <param name="right">The second value to compare.</param>
      <returns>true if left is less than or equal to right; otherwise, false.</returns>
    </member>
    <member name="M:System.Numerics.BigInteger.op_LessThanOrEqual(System.Numerics.BigInteger,System.Numerics.BigInteger)">
      <summary>Returns a value that indicates whether a <see cref="T:System.Numerics.BigInteger"></see> value is less than or equal to another <see cref="T:System.Numerics.BigInteger"></see> value.</summary>
      <param name="left">The first value to compare.</param>
      <param name="right">The second value to compare.</param>
      <returns>true if left is less than or equal to right; otherwise, false.</returns>
    </member>
    <member name="M:System.Numerics.BigInteger.op_LessThanOrEqual(System.Numerics.BigInteger,System.UInt64)">
      <summary>Returns a value that indicates whether a <see cref="T:System.Numerics.BigInteger"></see> value is less than or equal to a 64-bit unsigned integer.</summary>
      <param name="left">The first value to compare.</param>
      <param name="right">The second value to compare.</param>
      <returns>true if left is less than or equal to right; otherwise, false.</returns>
    </member>
    <member name="M:System.Numerics.BigInteger.op_LessThanOrEqual(System.UInt64,System.Numerics.BigInteger)">
      <summary>Returns a value that indicates whether a 64-bit unsigned integer is less than or equal to a <see cref="T:System.Numerics.BigInteger"></see> value.</summary>
      <param name="left">The first value to compare.</param>
      <param name="right">The second value to compare.</param>
      <returns>true if left is less than or equal to right; otherwise, false.</returns>
    </member>
    <member name="M:System.Numerics.BigInteger.op_Modulus(System.Numerics.BigInteger,System.Numerics.BigInteger)">
      <summary>Returns the remainder that results from division with two specified <see cref="T:System.Numerics.BigInteger"></see> values.</summary>
      <param name="dividend">The value to be divided.</param>
      <param name="divisor">The value to divide by.</param>
      <returns>The remainder that results from the division.</returns>
      <exception cref="T:System.DivideByZeroException">divisor is 0 (zero).</exception>
    </member>
    <member name="M:System.Numerics.BigInteger.op_Multiply(System.Numerics.BigInteger,System.Numerics.BigInteger)">
      <summary>Multiplies two specified <see cref="T:System.Numerics.BigInteger"></see> values.</summary>
      <param name="left">The first value to multiply.</param>
      <param name="right">The second value to multiply.</param>
      <returns>The product of left and right.</returns>
    </member>
    <member name="M:System.Numerics.BigInteger.op_OnesComplement(System.Numerics.BigInteger)">
      <summary>Returns the bitwise one's complement of a <see cref="T:System.Numerics.BigInteger"></see> value.</summary>
      <param name="value">An integer value.</param>
      <returns>The bitwise one's complement of value.</returns>
    </member>
    <member name="M:System.Numerics.BigInteger.op_RightShift(System.Numerics.BigInteger,System.Int32)">
      <summary>Shifts a <see cref="T:System.Numerics.BigInteger"></see> value a specified number of bits to the right.</summary>
      <param name="value">The value whose bits are to be shifted.</param>
      <param name="shift">The number of bits to shift value to the right.</param>
      <returns>A value that has been shifted to the right by the specified number of bits.</returns>
    </member>
    <member name="M:System.Numerics.BigInteger.op_Subtraction(System.Numerics.BigInteger,System.Numerics.BigInteger)">
      <summary>Subtracts a <see cref="T:System.Numerics.BigInteger"></see> value from another <see cref="T:System.Numerics.BigInteger"></see> value.</summary>
      <param name="left">The value to subtract from (the minuend).</param>
      <param name="right">The value to subtract (the subtrahend).</param>
      <returns>The result of subtracting right from left.</returns>
    </member>
    <member name="M:System.Numerics.BigInteger.op_UnaryNegation(System.Numerics.BigInteger)">
      <summary>Negates a specified BigInteger value.</summary>
      <param name="value">The value to negate.</param>
      <returns>The result of the value parameter multiplied by negative one (-1).</returns>
    </member>
    <member name="M:System.Numerics.BigInteger.op_UnaryPlus(System.Numerics.BigInteger)">
      <summary>Returns the value of the <see cref="T:System.Numerics.BigInteger"></see> operand. (The sign of the operand is unchanged.)</summary>
      <param name="value">An integer value.</param>
      <returns>The value of the value operand.</returns>
    </member>
    <member name="M:System.Numerics.BigInteger.Parse(System.String,System.Globalization.NumberStyles,System.IFormatProvider)">
      <summary>Converts the string representation of a number in a specified style and culture-specific format to its <see cref="T:System.Numerics.BigInteger"></see> equivalent.</summary>
      <param name="value">A string that contains a number to convert.</param>
      <param name="style">A bitwise combination of the enumeration values that specify the permitted format of value.</param>
      <param name="provider">An object that provides culture-specific formatting information about value.</param>
      <returns>A value that is equivalent to the number specified in the value parameter.</returns>
      <exception cref="T:System.ArgumentException">style is not a <see cref="T:System.Globalization.NumberStyles"></see> value.   -or-  style includes the <see cref="F:System.Globalization.NumberStyles.AllowHexSpecifier"></see> or <see cref="F:System.Globalization.NumberStyles.HexNumber"></see> flag along with another value.</exception>
      <exception cref="T:System.ArgumentNullException">value is null.</exception>
      <exception cref="T:System.FormatException">value does not comply with the input pattern specified by style.</exception>
    </member>
    <member name="M:System.Numerics.BigInteger.Parse(System.String,System.IFormatProvider)">
      <summary>Converts the string representation of a number in a specified culture-specific format to its <see cref="T:System.Numerics.BigInteger"></see> equivalent.</summary>
      <param name="value">A string that contains a number to convert.</param>
      <param name="provider">An object that provides culture-specific formatting information about value.</param>
      <returns>A value that is equivalent to the number specified in the value parameter.</returns>
      <exception cref="T:System.ArgumentNullException">value is null.</exception>
      <exception cref="T:System.FormatException">value is not in the correct format.</exception>
    </member>
    <member name="M:System.Numerics.BigInteger.Parse(System.String,System.Globalization.NumberStyles)">
      <summary>Converts the string representation of a number in a specified style to its <see cref="T:System.Numerics.BigInteger"></see> equivalent.</summary>
      <param name="value">A string that contains a number to convert.</param>
      <param name="style">A bitwise combination of the enumeration values that specify the permitted format of value.</param>
      <returns>A value that is equivalent to the number specified in the value parameter.</returns>
      <exception cref="T:System.ArgumentException">style is not a <see cref="T:System.Globalization.NumberStyles"></see> value.   -or-  style includes the <see cref="F:System.Globalization.NumberStyles.AllowHexSpecifier"></see> or <see cref="F:System.Globalization.NumberStyles.HexNumber"></see> flag along with another value.</exception>
      <exception cref="T:System.ArgumentNullException">value is null.</exception>
      <exception cref="T:System.FormatException">value does not comply with the input pattern specified by <see cref="T:System.Globalization.NumberStyles"></see>.</exception>
    </member>
    <member name="M:System.Numerics.BigInteger.Parse(System.String)">
      <summary>Converts the string representation of a number to its <see cref="T:System.Numerics.BigInteger"></see> equivalent.</summary>
      <param name="value">A string that contains the number to convert.</param>
      <returns>A value that is equivalent to the number specified in the value parameter.</returns>
      <exception cref="T:System.ArgumentNullException">value is null.</exception>
      <exception cref="T:System.FormatException">value is not in the correct format.</exception>
    </member>
    <member name="M:System.Numerics.BigInteger.Pow(System.Numerics.BigInteger,System.Int32)">
      <summary>Raises a <see cref="T:System.Numerics.BigInteger"></see> value to the power of a specified value.</summary>
      <param name="value">The number to raise to the exponent power.</param>
      <param name="exponent">The exponent to raise value by.</param>
      <returns>The result of raising value to the exponent power.</returns>
      <exception cref="T:System.ArgumentOutOfRangeException">The value of the exponent parameter is negative.</exception>
    </member>
    <member name="M:System.Numerics.BigInteger.Remainder(System.Numerics.BigInteger,System.Numerics.BigInteger)">
      <summary>Performs integer division on two <see cref="T:System.Numerics.BigInteger"></see> values and returns the remainder.</summary>
      <param name="dividend">The value to be divided.</param>
      <param name="divisor">The value to divide by.</param>
      <returns>The remainder after dividing dividend by divisor.</returns>
      <exception cref="T:System.DivideByZeroException">divisor is 0 (zero).</exception>
    </member>
    <member name="P:System.Numerics.BigInteger.Sign">
      <summary>Gets a number that indicates the sign (negative, positive, or zero) of the current <see cref="T:System.Numerics.BigInteger"></see> object.</summary>
      <returns><p sourcefile="System.Runtime.Numerics.yml" sourcestartlinenumber="1" sourceendlinenumber="2"><p sourcefile="System.Runtime.Numerics.yml" sourcestartlinenumber="1" sourceendlinenumber="1">A number that indicates the sign of the <xref href="System.Numerics.BigInteger"></xref> object, as shown in the following table.  </p>
 <table><thead><tr><th> Number  <p>
<p sourcefile="System.Runtime.Numerics.yml" sourcestartlinenumber="4" sourceendlinenumber="4"> </th><th> Description  <p>
<p sourcefile="System.Runtime.Numerics.yml" sourcestartlinenumber="6" sourceendlinenumber="6"> </th></tr></thead><tbody><tr><td> -1  <p>
<p sourcefile="System.Runtime.Numerics.yml" sourcestartlinenumber="8" sourceendlinenumber="8"> </td><td> The value of this object is negative.  <p>
<p sourcefile="System.Runtime.Numerics.yml" sourcestartlinenumber="10" sourceendlinenumber="10"> </td></tr><tr><td> 0  <p>
<p sourcefile="System.Runtime.Numerics.yml" sourcestartlinenumber="12" sourceendlinenumber="12"> </td><td> The value of this object is 0 (zero).  <p>
<p sourcefile="System.Runtime.Numerics.yml" sourcestartlinenumber="14" sourceendlinenumber="14"> </td></tr><tr><td> 1  <p>
<p sourcefile="System.Runtime.Numerics.yml" sourcestartlinenumber="16" sourceendlinenumber="16"> </td><td> The value of this object is positive.  <p>
<p sourcefile="System.Runtime.Numerics.yml" sourcestartlinenumber="18" sourceendlinenumber="18"> </td></tr></tbody></table></p>
</returns>
    </member>
    <member name="M:System.Numerics.BigInteger.Subtract(System.Numerics.BigInteger,System.Numerics.BigInteger)">
      <summary>Subtracts one <see cref="T:System.Numerics.BigInteger"></see> value from another and returns the result.</summary>
      <param name="left">The value to subtract from (the minuend).</param>
      <param name="right">The value to subtract (the subtrahend).</param>
      <returns>The result of subtracting right from left.</returns>
    </member>
    <member name="M:System.Numerics.BigInteger.ToByteArray">
      <summary>Converts a <see cref="T:System.Numerics.BigInteger"></see> value to a byte array.</summary>
      <returns>The value of the current <see cref="T:System.Numerics.BigInteger"></see> object converted to an array of bytes.</returns>
    </member>
    <member name="M:System.Numerics.BigInteger.ToString">
      <summary>Converts the numeric value of the current <see cref="T:System.Numerics.BigInteger"></see> object to its equivalent string representation.</summary>
      <returns>The string representation of the current <see cref="T:System.Numerics.BigInteger"></see> value.</returns>
    </member>
    <member name="M:System.Numerics.BigInteger.ToString(System.IFormatProvider)">
      <summary>Converts the numeric value of the current <see cref="T:System.Numerics.BigInteger"></see> object to its equivalent string representation by using the specified culture-specific formatting information.</summary>
      <param name="provider">An object that supplies culture-specific formatting information.</param>
      <returns>The string representation of the current <see cref="T:System.Numerics.BigInteger"></see> value in the format specified by the provider parameter.</returns>
    </member>
    <member name="M:System.Numerics.BigInteger.ToString(System.String)">
      <summary>Converts the numeric value of the current <see cref="T:System.Numerics.BigInteger"></see> object to its equivalent string representation by using the specified format.</summary>
      <param name="format">A standard or custom numeric format string.</param>
      <returns>The string representation of the current <see cref="T:System.Numerics.BigInteger"></see> value in the format specified by the format parameter.</returns>
      <exception cref="T:System.FormatException">format is not a valid format string.</exception>
    </member>
    <member name="M:System.Numerics.BigInteger.ToString(System.String,System.IFormatProvider)">
      <summary>Converts the numeric value of the current <see cref="T:System.Numerics.BigInteger"></see> object to its equivalent string representation by using the specified format and culture-specific format information.</summary>
      <param name="format">A standard or custom numeric format string.</param>
      <param name="provider">An object that supplies culture-specific formatting information.</param>
      <returns>The string representation of the current <see cref="T:System.Numerics.BigInteger"></see> value as specified by the format and provider parameters.</returns>
      <exception cref="T:System.FormatException">format is not a valid format string.</exception>
    </member>
    <member name="M:System.Numerics.BigInteger.TryParse(System.String,System.Globalization.NumberStyles,System.IFormatProvider,System.Numerics.BigInteger@)">
      <summary>Tries to convert the string representation of a number in a specified style and culture-specific format to its <see cref="T:System.Numerics.BigInteger"></see> equivalent, and returns a value that indicates whether the conversion succeeded.</summary>
      <param name="value">The string representation of a number. The string is interpreted using the style specified by style.</param>
      <param name="style">A bitwise combination of enumeration values that indicates the style elements that can be present in value. A typical value to specify is <see cref="F:System.Globalization.NumberStyles.Integer"></see>.</param>
      <param name="provider">An object that supplies culture-specific formatting information about value.</param>
      <param name="result">When this method returns, contains the <see cref="T:System.Numerics.BigInteger"></see> equivalent to the number that is contained in value, or <see cref="P:System.Numerics.BigInteger.Zero"></see> if the conversion failed. The conversion fails if the value parameter is null or is not in a format that is compliant with style. This parameter is passed uninitialized.</param>
      <returns>true if the value parameter was converted successfully; otherwise, false.</returns>
      <exception cref="T:System.ArgumentException">style is not a <see cref="T:System.Globalization.NumberStyles"></see> value.   -or-  style includes the <see cref="F:System.Globalization.NumberStyles.AllowHexSpecifier"></see> or <see cref="F:System.Globalization.NumberStyles.HexNumber"></see> flag along with another value.</exception>
    </member>
    <member name="M:System.Numerics.BigInteger.TryParse(System.String,System.Numerics.BigInteger@)">
      <summary>Tries to convert the string representation of a number to its <see cref="T:System.Numerics.BigInteger"></see> equivalent, and returns a value that indicates whether the conversion succeeded.</summary>
      <param name="value">The string representation of a number.</param>
      <param name="result">When this method returns, contains the <see cref="T:System.Numerics.BigInteger"></see> equivalent to the number that is contained in value, or zero (0) if the conversion fails. The conversion fails if the value parameter is null or is not of the correct format. This parameter is passed uninitialized.</param>
      <returns>true if value was converted successfully; otherwise, false.</returns>
      <exception cref="T:System.ArgumentNullException">value is null.</exception>
    </member>
    <member name="P:System.Numerics.BigInteger.Zero">
      <summary>Gets a value that represents the number 0 (zero).</summary>
      <returns>An integer whose value is 0 (zero).</returns>
    </member>
    <member name="M:System.Numerics.BigInteger.System#IComparable#CompareTo(System.Object)">
      <param name="obj"></param>
      <returns></returns>
    </member>
    <member name="T:System.Numerics.Complex">
      <summary>Represents a complex number.</summary>
    </member>
    <member name="M:System.Numerics.Complex.#ctor(System.Double,System.Double)">
      <summary>Initializes a new instance of the <see cref="T:System.Numerics.Complex"></see> structure using the specified real and imaginary values.</summary>
      <param name="real">The real part of the complex number.</param>
      <param name="imaginary">The imaginary part of the complex number.</param>
    </member>
    <member name="M:System.Numerics.Complex.Abs(System.Numerics.Complex)">
      <summary>Gets the absolute value (or magnitude) of a complex number.</summary>
      <param name="value">A complex number.</param>
      <returns>The absolute value of value.</returns>
    </member>
    <member name="M:System.Numerics.Complex.Acos(System.Numerics.Complex)">
      <summary>Returns the angle that is the arc cosine of the specified complex number.</summary>
      <param name="value">A complex number that represents a cosine.</param>
      <returns>The angle, measured in radians, which is the arc cosine of value.</returns>
    </member>
    <member name="M:System.Numerics.Complex.Add(System.Numerics.Complex,System.Numerics.Complex)">
      <summary>Adds two complex numbers and returns the result.</summary>
      <param name="left">The first complex number to add.</param>
      <param name="right">The second complex number to add.</param>
      <returns>The sum of left and right.</returns>
    </member>
    <member name="M:System.Numerics.Complex.Asin(System.Numerics.Complex)">
      <summary>Returns the angle that is the arc sine of the specified complex number.</summary>
      <param name="value">A complex number.</param>
      <returns>The angle which is the arc sine of value.</returns>
    </member>
    <member name="M:System.Numerics.Complex.Atan(System.Numerics.Complex)">
      <summary>Returns the angle that is the arc tangent of the specified complex number.</summary>
      <param name="value">A complex number.</param>
      <returns>The angle that is the arc tangent of value.</returns>
    </member>
    <member name="M:System.Numerics.Complex.Conjugate(System.Numerics.Complex)">
      <summary>Computes the conjugate of a complex number and returns the result.</summary>
      <param name="value">A complex number.</param>
      <returns>The conjugate of value.</returns>
    </member>
    <member name="M:System.Numerics.Complex.Cos(System.Numerics.Complex)">
      <summary>Returns the cosine of the specified complex number.</summary>
      <param name="value">A complex number.</param>
      <returns>The cosine of value.</returns>
    </member>
    <member name="M:System.Numerics.Complex.Cosh(System.Numerics.Complex)">
      <summary>Returns the hyperbolic cosine of the specified complex number.</summary>
      <param name="value">A complex number.</param>
      <returns>The hyperbolic cosine of value.</returns>
    </member>
    <member name="M:System.Numerics.Complex.Divide(System.Numerics.Complex,System.Numerics.Complex)">
      <summary>Divides one complex number by another and returns the result.</summary>
      <param name="dividend">The complex number to be divided.</param>
      <param name="divisor">The complex number to divide by.</param>
      <returns>The quotient of the division.</returns>
    </member>
    <member name="M:System.Numerics.Complex.Equals(System.Numerics.Complex)">
      <summary>Returns a value that indicates whether the current instance and a specified complex number have the same value.</summary>
      <param name="value">The complex number to compare.</param>
      <returns>true if this complex number and value have the same value; otherwise, false.</returns>
    </member>
    <member name="M:System.Numerics.Complex.Equals(System.Object)">
      <summary>Returns a value that indicates whether the current instance and a specified object have the same value.</summary>
      <param name="obj">The object to compare.</param>
      <returns>true if the obj parameter is a <see cref="T:System.Numerics.Complex"></see> object or a type capable of implicit conversion to a <see cref="T:System.Numerics.Complex"></see> object, and its value is equal to the current <see cref="T:System.Numerics.Complex"></see> object; otherwise, false.</returns>
    </member>
    <member name="M:System.Numerics.Complex.Exp(System.Numerics.Complex)">
      <summary>Returns e raised to the power specified by a complex number.</summary>
      <param name="value">A complex number that specifies a power.</param>
      <returns>The number e raised to the power value.</returns>
    </member>
    <member name="M:System.Numerics.Complex.FromPolarCoordinates(System.Double,System.Double)">
      <summary>Creates a complex number from a point's polar coordinates.</summary>
      <param name="magnitude">The magnitude, which is the distance from the origin (the intersection of the x-axis and the y-axis) to the number.</param>
      <param name="phase">The phase, which is the angle from the line to the horizontal axis, measured in radians.</param>
      <returns>A complex number.</returns>
    </member>
    <member name="M:System.Numerics.Complex.GetHashCode">
      <summary>Returns the hash code for the current <see cref="T:System.Numerics.Complex"></see> object.</summary>
      <returns>A 32-bit signed integer hash code.</returns>
    </member>
    <member name="P:System.Numerics.Complex.Imaginary">
      <summary>Gets the imaginary component of the current <see cref="T:System.Numerics.Complex"></see> object.</summary>
      <returns>The imaginary component of a complex number.</returns>
    </member>
    <member name="F:System.Numerics.Complex.ImaginaryOne">
      <summary>Returns a new <see cref="T:System.Numerics.Complex"></see> instance with a real number equal to zero and an imaginary number equal to one.</summary>
      <returns></returns>
    </member>
    <member name="M:System.Numerics.Complex.Log(System.Numerics.Complex)">
      <summary>Returns the natural (base e) logarithm of a specified complex number.</summary>
      <param name="value">A complex number.</param>
      <returns>The natural (base e) logarithm of value.</returns>
    </member>
    <member name="M:System.Numerics.Complex.Log(System.Numerics.Complex,System.Double)">
      <summary>Returns the logarithm of a specified complex number in a specified base.</summary>
      <param name="value">A complex number.</param>
      <param name="baseValue">The base of the logarithm.</param>
      <returns>The logarithm of value in base baseValue.</returns>
    </member>
    <member name="M:System.Numerics.Complex.Log10(System.Numerics.Complex)">
      <summary>Returns the base-10 logarithm of a specified complex number.</summary>
      <param name="value">A complex number.</param>
      <returns>The base-10 logarithm of value.</returns>
    </member>
    <member name="P:System.Numerics.Complex.Magnitude">
      <summary>Gets the magnitude (or absolute value) of a complex number.</summary>
      <returns>The magnitude of the current instance.</returns>
    </member>
    <member name="M:System.Numerics.Complex.Multiply(System.Numerics.Complex,System.Numerics.Complex)">
      <summary>Returns the product of two complex numbers.</summary>
      <param name="left">The first complex number to multiply.</param>
      <param name="right">The second complex number to multiply.</param>
      <returns>The product of the left and right parameters.</returns>
    </member>
    <member name="M:System.Numerics.Complex.Negate(System.Numerics.Complex)">
      <summary>Returns the additive inverse of a specified complex number.</summary>
      <param name="value">A complex number.</param>
      <returns>The result of the <see cref="P:System.Numerics.Complex.Real"></see> and <see cref="P:System.Numerics.Complex.Imaginary"></see> components of the value parameter multiplied by -1.</returns>
    </member>
    <member name="F:System.Numerics.Complex.One">
      <summary>Returns a new <see cref="T:System.Numerics.Complex"></see> instance with a real number equal to one and an imaginary number equal to zero.</summary>
      <returns></returns>
    </member>
    <member name="M:System.Numerics.Complex.op_Addition(System.Numerics.Complex,System.Numerics.Complex)">
      <summary>Adds two complex numbers.</summary>
      <param name="left">The first value to add.</param>
      <param name="right">The second value to add.</param>
      <returns>The sum of left and right.</returns>
    </member>
    <member name="M:System.Numerics.Complex.op_Division(System.Numerics.Complex,System.Numerics.Complex)">
      <summary>Divides a specified complex number by another specified complex number.</summary>
      <param name="left">The value to be divided.</param>
      <param name="right">The value to divide by.</param>
      <returns>The result of dividing left by right.</returns>
    </member>
    <member name="M:System.Numerics.Complex.op_Equality(System.Numerics.Complex,System.Numerics.Complex)">
      <summary>Returns a value that indicates whether two complex numbers are equal.</summary>
      <param name="left">The first complex number to compare.</param>
      <param name="right">The second complex number to compare.</param>
      <returns>true if the left and right parameters have the same value; otherwise, false.</returns>
    </member>
    <member name="M:System.Numerics.Complex.op_Explicit(System.Decimal to System.Numerics.Complex)">
      <param name="value"></param>
      <returns></returns>
    </member>
    <member name="M:System.Numerics.Complex.op_Explicit(System.Numerics.BigInteger to System.Numerics.Complex)">
      <param name="value"></param>
      <returns></returns>
    </member>
    <member name="M:System.Numerics.Complex.op_Implicit(System.UInt64 to System.Numerics.Complex)">
      <param name="value"></param>
      <returns></returns>
    </member>
    <member name="M:System.Numerics.Complex.op_Implicit(System.UInt32 to System.Numerics.Complex)">
      <param name="value"></param>
      <returns></returns>
    </member>
    <member name="M:System.Numerics.Complex.op_Implicit(System.UInt16 to System.Numerics.Complex)">
      <param name="value"></param>
      <returns></returns>
    </member>
    <member name="M:System.Numerics.Complex.op_Implicit(System.Single to System.Numerics.Complex)">
      <param name="value"></param>
      <returns></returns>
    </member>
    <member name="M:System.Numerics.Complex.op_Implicit(System.SByte to System.Numerics.Complex)">
      <param name="value"></param>
      <returns></returns>
    </member>
    <member name="M:System.Numerics.Complex.op_Implicit(System.Byte to System.Numerics.Complex)">
      <param name="value"></param>
      <returns></returns>
    </member>
    <member name="M:System.Numerics.Complex.op_Implicit(System.Int32 to System.Numerics.Complex)">
      <param name="value"></param>
      <returns></returns>
    </member>
    <member name="M:System.Numerics.Complex.op_Implicit(System.Int16 to System.Numerics.Complex)">
      <param name="value"></param>
      <returns></returns>
    </member>
    <member name="M:System.Numerics.Complex.op_Implicit(System.Double to System.Numerics.Complex)">
      <param name="value"></param>
      <returns></returns>
    </member>
    <member name="M:System.Numerics.Complex.op_Implicit(System.Int64 to System.Numerics.Complex)">
      <param name="value"></param>
      <returns></returns>
    </member>
    <member name="M:System.Numerics.Complex.op_Inequality(System.Numerics.Complex,System.Numerics.Complex)">
      <summary>Returns a value that indicates whether two complex numbers are not equal.</summary>
      <param name="left">The first value to compare.</param>
      <param name="right">The second value to compare.</param>
      <returns>true if left and right are not equal; otherwise, false.</returns>
    </member>
    <member name="M:System.Numerics.Complex.op_Multiply(System.Numerics.Complex,System.Numerics.Complex)">
      <summary>Multiplies two specified complex numbers.</summary>
      <param name="left">The first value to multiply.</param>
      <param name="right">The second value to multiply.</param>
      <returns>The product of left and right.</returns>
    </member>
    <member name="M:System.Numerics.Complex.op_Subtraction(System.Numerics.Complex,System.Numerics.Complex)">
      <summary>Subtracts a complex number from another complex number.</summary>
      <param name="left">The value to subtract from (the minuend).</param>
      <param name="right">The value to subtract (the subtrahend).</param>
      <returns>The result of subtracting right from left.</returns>
    </member>
    <member name="M:System.Numerics.Complex.op_UnaryNegation(System.Numerics.Complex)">
      <summary>Returns the additive inverse of a specified complex number.</summary>
      <param name="value">The value to negate.</param>
      <returns>The result of the <see cref="P:System.Numerics.Complex.Real"></see> and <see cref="P:System.Numerics.Complex.Imaginary"></see> components of the value parameter multiplied by -1.</returns>
    </member>
    <member name="P:System.Numerics.Complex.Phase">
      <summary>Gets the phase of a complex number.</summary>
      <returns>The phase of a complex number, in radians.</returns>
    </member>
    <member name="M:System.Numerics.Complex.Pow(System.Numerics.Complex,System.Double)">
      <summary>Returns a specified complex number raised to a power specified by a double-precision floating-point number.</summary>
      <param name="value">A complex number to be raised to a power.</param>
      <param name="power">A double-precision floating-point number that specifies a power.</param>
      <returns>The complex number value raised to the power power.</returns>
    </member>
    <member name="M:System.Numerics.Complex.Pow(System.Numerics.Complex,System.Numerics.Complex)">
      <summary>Returns a specified complex number raised to a power specified by a complex number.</summary>
      <param name="value">A complex number to be raised to a power.</param>
      <param name="power">A complex number that specifies a power.</param>
      <returns>The complex number value raised to the power power.</returns>
    </member>
    <member name="P:System.Numerics.Complex.Real">
      <summary>Gets the real component of the current <see cref="T:System.Numerics.Complex"></see> object.</summary>
      <returns>The real component of a complex number.</returns>
    </member>
    <member name="M:System.Numerics.Complex.Reciprocal(System.Numerics.Complex)">
      <summary>Returns the multiplicative inverse of a complex number.</summary>
      <param name="value">A complex number.</param>
      <returns>The reciprocal of value.</returns>
    </member>
    <member name="M:System.Numerics.Complex.Sin(System.Numerics.Complex)">
      <summary>Returns the sine of the specified complex number.</summary>
      <param name="value">A complex number.</param>
      <returns>The sine of value.</returns>
    </member>
    <member name="M:System.Numerics.Complex.Sinh(System.Numerics.Complex)">
      <summary>Returns the hyperbolic sine of the specified complex number.</summary>
      <param name="value">A complex number.</param>
      <returns>The hyperbolic sine of value.</returns>
    </member>
    <member name="M:System.Numerics.Complex.Sqrt(System.Numerics.Complex)">
      <summary>Returns the square root of a specified complex number.</summary>
      <param name="value">A complex number.</param>
      <returns>The square root of value.</returns>
    </member>
    <member name="M:System.Numerics.Complex.Subtract(System.Numerics.Complex,System.Numerics.Complex)">
      <summary>Subtracts one complex number from another and returns the result.</summary>
      <param name="left">The value to subtract from (the minuend).</param>
      <param name="right">The value to subtract (the subtrahend).</param>
      <returns>The result of subtracting right from left.</returns>
    </member>
    <member name="M:System.Numerics.Complex.Tan(System.Numerics.Complex)">
      <summary>Returns the tangent of the specified complex number.</summary>
      <param name="value">A complex number.</param>
      <returns>The tangent of value.</returns>
    </member>
    <member name="M:System.Numerics.Complex.Tanh(System.Numerics.Complex)">
      <summary>Returns the hyperbolic tangent of the specified complex number.</summary>
      <param name="value">A complex number.</param>
      <returns>The hyperbolic tangent of value.</returns>
    </member>
    <member name="M:System.Numerics.Complex.ToString">
      <summary>Converts the value of the current complex number to its equivalent string representation in Cartesian form.</summary>
      <returns>The string representation of the current instance in Cartesian form.</returns>
    </member>
    <member name="M:System.Numerics.Complex.ToString(System.IFormatProvider)">
      <summary>Converts the value of the current complex number to its equivalent string representation in Cartesian form by using the specified culture-specific formatting information.</summary>
      <param name="provider">An object that supplies culture-specific formatting information.</param>
      <returns>The string representation of the current instance in Cartesian form, as specified by provider.</returns>
    </member>
    <member name="M:System.Numerics.Complex.ToString(System.String)">
      <summary>Converts the value of the current complex number to its equivalent string representation in Cartesian form by using the specified format for its real and imaginary parts.</summary>
      <param name="format">A standard or custom numeric format string.</param>
      <returns>The string representation of the current instance in Cartesian form.</returns>
      <exception cref="T:System.FormatException">format is not a valid format string.</exception>
    </member>
    <member name="M:System.Numerics.Complex.ToString(System.String,System.IFormatProvider)">
      <summary>Converts the value of the current complex number to its equivalent string representation in Cartesian form by using the specified format and culture-specific format information for its real and imaginary parts.</summary>
      <param name="format">A standard or custom numeric format string.</param>
      <param name="provider">An object that supplies culture-specific formatting information.</param>
      <returns>The string representation of the current instance in Cartesian form, as specified by format and provider.</returns>
      <exception cref="T:System.FormatException">format is not a valid format string.</exception>
    </member>
    <member name="F:System.Numerics.Complex.Zero">
      <summary>Returns a new <see cref="T:System.Numerics.Complex"></see> instance with a real number equal to zero and an imaginary number equal to zero.</summary>
      <returns></returns>
    </member>
  </members>
</doc></span>